{"train/loss": 1.3198, "train/grad_norm": 1.055629849433899, "train/learning_rate": 1.3043478260869566e-05, "train/epoch": 0.983957219251337, "train/global_step": 46, "_timestamp": 1726397348.9869235, "_runtime": 20901.589492559433, "_step": 4, "train_runtime": 20904.781, "train_samples_per_second": 0.018, "train_steps_per_second": 0.002, "total_flos": 9927992864145408.0, "train_loss": 3.8438535565915317, "_wandb": {"runtime": 20899}}