{
    "time_in_bed": 11380,
    "sleep_duration": 11013,
    "movement_count": 31,
    "snoring_count_per_hour": 1,
    "bed_exit_count": 3,
    "apnea_count": 8,
    "avg_respiration_rate": 13.8738439716312,
    "avg_heart_rate": 55.72076241134748,
    "sleep_efficiency": 0.9677504393673111,
    "real_time_heart_rate": [
        0,
        0,
        0,
        0,
        0,
        23.933333333333334,
        23.933333333333334,
        32.010000000000005,
        38.71,
        45.690000000000005,
        52.57000000000001,
        59.30666666666667,
        58.236666666666665,
        58.973333333333336,
        59.02,
        59.263333333333335,
        60.160000000000004,
        60.28000000000001,
        59.623333333333335,
        59.44666666666667,
        58.766666666666666,
        57.61333333333333,
        56.626666666666665,
        55.25999999999999,
        53.88666666666667,
        52.88666666666667,
        52.17999999999999,
        51.739999999999995,
        51.95,
        52.239999999999995,
        52.54666666666666,
        52.57000000000001,
        52.69333333333333,
        52.69333333333333,
        52.766666666666666,
        52.71999999999999,
        52.56666666666666,
        52.40333333333333,
        52.40666666666667,
        52.54666666666666,
        52.8,
        52.9,
        53.223333333333336,
        53.28666666666667,
        53.20666666666666,
        52.81666666666666,
        52.61333333333333,
        52.25666666666666,
        52.10666666666666,
        51.56,
        51.95,
        51.65,
        51.526666666666664,
        51.79,
        52.10666666666666,
        52.410000000000004,
        53.92,
        54.20666666666667,
        54.30333333333333,
        54.43666666666667,
        53.67999999999999,
        52.60333333333333,
        52.79333333333333,
        52.836666666666666,
        53.256666666666675,
        54.21333333333333,
        55.53666666666667,
        56.40333333333333,
        57.723333333333336,
        58.20666666666666,
        59.19666666666666,
        59.50666666666666,
        58.81666666666668,
        57.75333333333333,
        57.873333333333335,
        56.78666666666667,
        55.99333333333334,
        56.65,
        56.910000000000004,
        56.63000000000001,
        56.32000000000001,
        56.64000000000001,
        56.506666666666675,
        56.82666666666667,
        56.43666666666668,
        56.94333333333334,
        56.4,
        56.17666666666666,
        56.57666666666667,
        56.80333333333334,
        56.89666666666667,
        57.1,
        57.34333333333333,
        56.44333333333334,
        56.31333333333333,
        55.983333333333334,
        55.669999999999995,
        55.129999999999995,
        55.623333333333335,
        55.65,
        54.94000000000001,
        54.410000000000004,
        54.60666666666666,
        53.026666666666664,
        52.21333333333333,
        52.18333333333334,
        52.029999999999994,
        51.8,
        52.54,
        52.870000000000005,
        53.71666666666666,
        55.413333333333334,
        55.69333333333334,
        55.94666666666667,
        56.4,
        56.15666666666667,
        55.260000000000005,
        54.94666666666666,
        54.55333333333333,
        54.13333333333334,
        54.123333333333335,
        53.86999999999999,
        53.80333333333334,
        54.006666666666675,
        54.06999999999999,
        53.589999999999996,
        53.35666666666666,
        53.15333333333333,
        53.123333333333335,
        53.286666666666655,
        53.30333333333333,
        53.53666666666667,
        53.42,
        53.25,
        53.40333333333333,
        53.376666666666665,
        52.95333333333333,
        53.44333333333334,
        53.83333333333333,
        53.766666666666666,
        54.09333333333334,
        53.86,
        52.85666666666666,
        52.54333333333334,
        52.666666666666664,
        54.3,
        55.80999999999999,
        58.70666666666666,
        62.38333333333334,
        63.79666666666666,
        64.42999999999999,
        66.88000000000001,
        67.47,
        66.51333333333332,
        66.66,
        65.48333333333333,
        62.92999999999999,
        61.25,
        58.99666666666667,
        57.526666666666664,
        57.256666666666675,
        57.56,
        58.3,
        59.519999999999996,
        60.61666666666666,
        61.38000000000001,
        61.379999999999995,
        60.96999999999999,
        60.57333333333334,
        60.989999999999995,
        60.526666666666664,
        60.03333333333334,
        60.90666666666666,
        60.69,
        59.836666666666666,
        58.459999999999994,
        57.34333333333333,
        54.43000000000001,
        53.3,
        54.57000000000001,
        57.22666666666667,
        60.04333333333333,
        62.65,
        64.60666666666667,
        64.41,
        65.01,
        65.00666666666667,
        64.93666666666667,
        66.13666666666667,
        66.23666666666666,
        63.163333333333334,
        60.29666666666667,
        58.026666666666664,
        0,
        0
    ],